Sequence,Uniprot_ID,Category,Sequence_length,LCR_frac,LCR_sequence,LCR_length,Hydrophobicity,Shannon_entropy,IDR_frac,pI,AA_A,AA_C,AA_D,AA_E,AA_F,AA_G,AA_H,AA_I,AA_K,AA_L,AA_M,AA_N,AA_P,AA_Q,AA_R,AA_S,AA_T,AA_V,AA_W,AA_Y,Polar,Cation,Anion,Arom,HB,HB_frac,Polar_frac,Arom_frac,Cation_frac,Anion_frac,AA_LCR_A,AA_LCR_C,AA_LCR_D,AA_LCR_E,AA_LCR_F,AA_LCR_G,AA_LCR_H,AA_LCR_I,AA_LCR_K,AA_LCR_L,AA_LCR_M,AA_LCR_N,AA_LCR_P,AA_LCR_Q,AA_LCR_R,AA_LCR_S,AA_LCR_T,AA_LCR_V,AA_LCR_W,AA_LCR_Y,Polar_LCR,Cation_LCR,Anion_LCR,Arom_LCR,HB_LCR,HB_LCR_frac,Polar_LCR_frac,Arom_LCR_frac,Cation_LCR_frac,Anion_LCR_frac,delta_5_HB,reshuffled_sequence,delta_5_HB_RS,0,1,2,3,4,5,6,7,8,9,10,11,12,13,14,15,16,17,18,19,20,21,22,23,24,25,26,27,28,29,30,31,32,33,34,35,36,37,38,39,40,41,42,43,44,45,46,47,48,49,50,51,52,53,54,55,56,57,58,59,60,61,62,63,64,65,66,67,68,69,70,71,72,73,74,75,76,77,78,79,80,81,82,83,84,85,86,87,88,89,90,91,92,93,94,95,96,97,98,99,100,101,102,103,104,105,106,107,108,109,110,111,112,113,114,115,116,117,118,119,120,121,122,123,124,125,126,127,128,129,130,131,132,133,134,135,136,137,138,139,140,141,142,143,144,145,146,147,148,149,150,151,152,153,154,155,156,157,158,159,160,161,162,163,164,165,166,167,168,169,170,171,172,173,174,175,176,177,178,179,180,181,182,183,184,185,186,187,188,189,190,191,192,193,194,195,196,197,198,199
AGFQPQSQGMSLNDFQKQQKQAAPKPKKTLKLVSSSGIKLANATKKVGTKPAESDKKEEEKSAETKEPTKEPTKVEEPVKKEEKPVQTEEKTEEKSELPKVEDLKISESTHNTNNANVTSADALIKEQEEEVDDEVVNDMFGGKDHVSLIFMGHVDAGKSTMGGNLLYLTGSVDKRTIEKYEREAKDAGRQGWYLSWVMDTNKEERNDGKTIEVGKAYFETEKRRYTILDAPGHKMYVSEMIGGASQADVGVLVISARKGEYETGFERGGQTREHALLAKTQGVNKMVVVVNKMDDPTVNWSKERYDQCVSNVSNFLRAIGYNIKTDVVFMPVSGYSGANLKDHVDPKECPWYTGPTLLEYLDTMNHVDRHINAPFMLPIAAKMKDLGTIVEGKIESGHIKKGQSTLLMPNKTAVEIQNIYNETENEVDMAMCGEQVKLRIKGVEEEDISPGFVLTSPKNPIKSVTKFVAQIAIVELKSIIAAGFSCVMHVHTAIEEVHIVKLLHKLEKGTNRKSKKPPAFAKKGMKVIAVLETEAPVCVETYQDYPQLGRFTLRDQGTTIAIGKIVKIAE,P05453,LLPS+,571,0.14886164623467601,FQKQQKQAAPKPKTKPAESDKKEEEKSAETKEPTKEPTKVEEPVKKEEKPVQTEEKTEEKEQEEEVDDEVVNGVNKMVVVVNKMD,85,-319.70000000000005,4.08623558253066,0.24518388791593695,6.434196662902831,38,5,28,57,14,41,13,32,65,34,18,25,25,21,16,31,39,50,4,15,187,94,85,33,186,0.3257443082311734,0.3274956217162872,0.05779334500875657,0.1646234676007005,0.14886164623467601,4,0,4,20,1,1,0,0,18,0,2,3,7,6,0,2,6,11,0,0,25,18,24,1,18,0.21176470588235294,0.29411764705882354,0.011764705882352941,0.21176470588235294,0.2823529411764706,0.3169788723553283,HEPDVHLAAKITENGEVDNDVPYKFEIQGVCKDEIEIVVVEKNGMLEWGAMSVLQKMTQLYKSKNTTERIKVGGTPNEPTKNKTEFMGEWKVAIINVSPGSKHPNNIIEFEVTELESVIELNDEYEYFKVSVEMAIKAKTDISQKTMFLELTMTFDKTGVVQATVDYREAAMKLVKVLIGKPLAYPIKVEGKDNSGSKTKPGGPATIKTATPPKQDAEKTYTETGFPKIKCGQARESGPVQEGGSVIQVDVPFAGQVKTDEKTTYVEKALHLYISSGSANDGNKARLLGSSKVEFEIVGKKLEILIFQMEEKKKKLKKEYNLSMQVVETKEVGVDPAQHGSMDVLGVERPHEKTADNQGPKPKNLCKKMNNTPLRYVEENVTEIDQSHLTGEQAAINYYPHANHGKQETFNMGGKIEARQEKEADRIKEHKEAHSVWEKGSSYQRVLGIIKKVSGVEAAAGSDLPVTTALDVTPDPDHSKLVMLAMKGASETIKCSGKNTEKRDCILLEGNVVMMVKFSNKLLDTKKFIIADDGAFVDWEERSTPQYAEVASRARITLHGADRLQRVRSTM,0.30171385468748374,-86.33889,49.312233,-31.743336,36.351875,5.9410734,47.22178,-42.34375,13.714195,-20.501383,-22.373442,-2.4979,-38.592266,-6.7036366,-27.57279,-23.895035,9.322479,-42.279976,-1.2403909,-18.16425,-84.73848,-2.2084012,-55.585487,-25.70988,61.72415,45.764435,98.34189,-63.83239,10.336327,33.792397,-25.073593,-12.886417,-0.96657956,71.578,41.610634,-19.564194,-48.98665,21.39661,-29.05444,79.79536,13.998621,7.964142,-0.6904441,-7.842982,47.062943,-18.209763,99.68059,51.17298,-6.762625,26.02156,4.034573,60.061344,34.84043,-31.069027,37.446148,-29.807232,13.779139,16.606203,19.568493,-18.309078,-4.2905307,66.99606,48.694557,20.838152,-48.393482,-29.097055,69.29833,9.86116,40.168503,5.2079988,-26.391582,73.843704,-12.82401,17.946424,-25.29434,38.02104,-54.121445,-76.65933,62.957504,2.186888,93.58046,2.3414102,-0.22113574,-37.08363,35.05105,-55.41942,-14.336336,-80.893875,38.593346,35.85582,-0.7151207,23.226269,7.525036,23.763567,31.993248,36.3994,-15.562796,-18.524334,-58.091034,10.426779,-10.933296,-33.688316,-0.5745745,51.677273,47.75112,-63.98246,49.30141,6.5163317,11.219955,32.15948,1.3305568,-35.350285,-13.901331,4.6087513,43.19798,59.305607,-13.318644,48.67722,61.83645,20.85205,-3.4645631,-68.062386,-30.948698,-53.48695,-24.284166,-32.566288,25.886591,-3.2113051,-6.888587,-15.756817,50.63774,52.53591,51.33663,24.225655,24.466076,28.596678,4.664565,-82.458466,-0.20489383,-21.443771,67.16238,58.406464,-24.028297,6.6873317,53.153522,-0.33775797,58.389656,40.653664,-0.83317804,-40.214,-39.00882,19.564058,-68.71941,-34.474083,83.0715,25.447123,30.861786,-42.36882,-34.497154,22.310173,-43.22615,9.813136,19.012714,-13.328657,67.04785,64.64607,22.586601,-17.82293,46.87751,0.6875335,-3.3880787,-61.676094,-27.202122,-26.634083,-110.75185,-49.75191,-24.993404,22.280575,19.598719,-9.955271,0.43298072,41.670692,-40.671856,107.74852,-2.7853937,49.982643,17.39394,24.482908,-8.435389,0.65380156,-54.278084,-56.098072,55.461838,6.634014,6.9975863,-36.282204,-62.66794,-6.794468,51.088505,16.890408,-60.995544
ASNDYTQQATQSYGAYPTQPGQGYSQQSSQPYGQQSYSGYSQSTDTSGYGQSSYSSYGQSQNTGYGTQSTPQGYGSTGGYGSSQSSQSSYGQQSSYPGYGQQPAPSSTSGSYGSSSQSSSYGQPQSGSYSQQPSYGGQQQSYGQQQSYNPPQGYGQQNQYNSSSGGGGGGGGGGNYGQDQSSMSSGGGSGGGYGNQDQSGGGGSGGYGQQDRG,P35637,LLPS+,213,0.9248826291079812,AYPTQPGQGYSQQSSQPYGQQSYSGYSQSTDTSGYGQSSYSSYGQSQNTGYGTQSTPQGYGSTGGYGSSQSSQSSYGQQSSYPGYGQQAPSSTSGSYGSSSQSSSYGQPQSGSYSQQPSYGGQQQSYGQQQSYNPPQGYGQQNQYNSSSGGGGGGGGGGNYGQDQSSMSSGGGSGGGYGNQDQSGGGGSGGYGQQDR,197,-309.6,2.734151041701314,1.0,4.0500284194946286,4,0,5,0,0,53,0,0,0,0,1,7,11,43,1,51,10,0,0,27,175,1,5,27,5,0.023474178403755867,0.8215962441314554,0.1267605633802817,0.004694835680751174,0.023474178403755867,2,0,4,0,0,51,0,0,0,0,1,6,10,40,1,49,8,0,0,25,164,1,4,25,3,0.015228426395939087,0.8324873096446701,0.12690355329949238,0.005076142131979695,0.02030456852791878,0.11036221964969332,YGGYSQYYGSQGQYGQSYPPYTGSGSSSGYGSQSSGPSSDGSNMSQQYPQGRGGNAGQSGSQPSTGGTQGGQSNSSQGSYYATPGGQNGYQQGYYGPSGSQSGSQQTSQQSGGGGQGYNGSTSGGSGTGTQQTNSGSNSSTGGQAYPQQYSGSDQSYYGSQSQSDQSQSSQPQSYGSQYSPSGGYDGPGQGYQAQQDQGYGQSYGQSYSSYQG,0.09805452734200101,-27.722023,13.049725,-7.275875,-12.503703,3.9275804,18.428738,-17.233143,-1.1828382,10.603892,9.833478,6.220934,-6.507593,-3.7528687,-8.660843,-3.8575325,2.0423505,1.95635,-4.422081,-5.6396112,-26.483768,-8.612495,-16.911152,3.222557,37.571083,2.1640496,31.971989,-30.28981,0.49660033,12.255579,-20.123554,-1.3771102,3.0415804,14.854202,18.98598,-11.103666,-13.116608,7.984086,-11.053499,20.91454,16.202877,-1.4305726,-21.253706,-14.069664,10.295912,-2.7976165,17.298363,14.807479,1.0357859,2.6355405,9.481514,47.73706,13.420555,-6.0117273,12.900553,-7.8921413,-8.401676,-6.12319,-2.2260723,-11.43556,0.20992416,38.538143,6.1454225,10.18931,-12.37548,-8.512198,28.923859,12.528058,16.179558,18.913448,-0.39171982,24.086288,-5.8728223,-3.3607225,-12.027948,15.844188,-24.298157,-14.333248,30.485708,-6.9721193,55.72898,-10.723724,1.5475872,-7.376175,11.60425,-13.21476,0.031346094,-18.914845,18.90322,13.505819,3.4332483,13.735525,-1.8102626,1.2054417,5.603435,2.3493094,-23.23594,-22.987085,-19.248302,-7.4975443,-11.908617,-7.548624,-10.316553,9.421379,13.479778,-29.785168,2.0029936,1.5825912,-1.0544292,9.847386,8.309604,-22.176268,-10.874981,5.080764,24.305931,25.074791,-26.509293,27.130777,36.396877,9.698913,-15.78293,-32.079926,6.650382,-27.143427,-15.471575,-8.756033,6.947405,-1.6773093,10.883198,1.7515087,14.259078,18.545898,14.669556,2.0562644,5.862896,15.568399,14.934252,-30.207455,3.564959,-17.592,18.51628,18.410685,-8.061941,-16.731358,28.802555,6.5889864,32.73147,24.671757,-1.8988001,-13.676831,-27.267761,11.317466,-29.5453,-8.608337,38.924828,21.83961,18.837622,-13.40295,-11.95855,6.7730956,-14.464974,-8.7689085,-3.8614473,-10.899418,21.967554,37.171875,-8.944081,-7.405414,12.278819,-18.976055,5.830868,-34.534252,-17.358686,-4.87992,-55.19709,-1.2933953,2.5370064,7.4689045,-0.6897841,-9.645174,-1.2506206,4.875854,-15.113519,41.00449,3.4853687,18.436691,9.0312605,4.9077334,-6.0277834,10.238161,-21.39302,-30.934631,13.542427,-17.779865,-11.868291,5.345817,-31.892496,-1.3777995,17.165445,18.251583,-28.880825
CLRKKRKPQAEKVDVIAGSSKMKGFSSSESESSSESSSSDSEDSETEMAPKSKKKGHPGREQKKHHHHHHQQMQQAPAPVPQQPPPPPQQPPPPPPPQQQQQPPPPPPPPSMPQQAAPAMKSSPPPFIATQVPVLEPQLPGSVFDPIGHFTQPILHLPQPELPPHLPQPPEHSTPPHLNQHAVVSPPALHNALPQQPSRPSNRAAALPPKPARPPAVSPALTQTPLLPQPPMAQPPQVLLEDEEPPAPPLTSMQMQLYLQQLQKVQPPTPLLPSVKVQSQPPPPLPPPPHPSVQQQLQQQPPPPPPPQPQPPPQQQHQPPPRPVHLQPMQFSTHIQQPPPPQGQQPPHPPPGQQPPPPQPAKPQQVIQHHHSPRHHKSDPYSTGHLREAPSPLMIHSPQMSQFQSLTHQSPPQQNVQPKKQELRAASVVQPQPLVVVKEEKIHSPIIRSEPFSPSLRPEPPKHPESIKAPVHLPQRPEMKPVDVGRPVIRPPEQNAPPPGAPDKDKQKQEPKTPVAPKKDLKIKNMGSWASLVQKHPTTPSSTAKSSSDSFEQFRRAAREKEEREKALKAQAEHAEKEKERLRQERMRSREDEDALEQARRAHEEARRRQEQQQQQRQEQQQQQQQQAAAVAAAATPQAQSSQPQSMLDQQRELARKREQERRRREAMAATIDMNFQS,O60885,LLPS+,678,0.5294985250737463,FSSSESESSSESSSSDSEDSKHHHHHHQQMQQAPAPVPQQPPPPPQQPPPPPPPQQQQQPPPPPPPPSMPQQAAPATQPILHLPQPELPPHLPQPPEHSTPPHRAAALPPKPARPPAVSPALTQTPLLPQPPMAQPPQVLLEDEEPPAPPSMQMQLYLQQLKVQSQPPPPLPPPPHPSVQQQLQQQPPPPPPPQPQPPPQQQHQPPPRPVHLQIQQPPPPQGQQPPHPPPGQQPPPPQPAKPQRPPEQNAPPPGAPTTPSSTAKSSSDFRRAAREKEEREKALKAQAEHAEKEKLEQARRAHEEARRRQEQQQQQRQEQQQQQQQQAAAVAAAATPQADQQRELARKREQERRRREAMA,359,-838.9000000000001,3.6697130529113484,1.0,9.77013530731201,52,1,15,45,10,12,33,14,41,39,17,7,145,104,37,57,17,29,1,2,343,111,60,13,161,0.2374631268436578,0.5058997050147492,0.019174041297935103,0.16371681415929204,0.08849557522123894,37,0,5,26,2,3,16,2,11,19,6,1,98,72,21,24,8,7,0,1,206,48,31,3,73,0.20334261838440112,0.5738161559888579,0.008356545961002786,0.13370473537604458,0.08635097493036212,0.38241312794549437,SPVQQLHTPHPLGHSPPAKQESQKRPSTEHPTSLLMADEEARPNSPDQQPQLQVPPSTPQPFSEEQWQQPRDPASQLQAHQKQLMQLEFEKVQAPIPPLHTQESQSPKVRQHLVDTKPEKVPPTPSFIVMPQVVQAQQYSPKPPLPALKVVPSMIPPMKRQVQRQLSRTMQQQHQVKRPPMESAPQHMQSQARLIQVEKAEKERQAPPRTHHSPRPQPAEPPKPESAEEPSKLAAPVQAQEEPSQKLEPKLPQSSTMRKQPQVISQRPKEPIEKDRAQEALQGQAEPLERGPRSSQQQASRHPGRSMPEPPPAKVPTPPVPQHPPIEQPERQSQRPKDMVKSPQPLSPHHHPAAFPELKIQDAPRPPTQNQMLPPKHPSPFLPQESAFSHQTRQRYPAAAMGAVDLVPLPPVERKPGSSPAEQNKLQTQLPPQQQRQAHPQAQEPRHPRRAELQSPPAQPPREQQRDFSDPPAAAEPGAREERPPSRPQSGIPHHPHKPQSPSAFKPKPPPPPGKNPHQKKHHPTVSPQPDLNPQQSLPQQPAVKDHFIAQPHAVEPAQQPQPLGMPPPAPSTCSLPPPPIPENQPSVEKAKLTLHSNQLQRMKSFEDASSAPEPSPGPKPSQGVAHPQSPLKQSQRSAPHVPHKMHPLDPQIQLQDQAQMIQQLPAQPVKSQEIQPR,0.3386687000108733,-130.69957,71.00813,-44.488426,-11.535058,19.311544,40.677788,-43.035297,-15.709726,31.552994,12.045001,9.918785,-19.420235,-8.51538,-31.219902,-12.572424,19.79575,-24.7127,-5.34072,-27.54871,-55.48815,3.004937,-40.52572,-34.697987,83.94206,41.391083,113.13469,-99.416466,-9.441451,24.668747,-31.914417,-18.272453,-50.033035,52.67874,51.88453,1.3934555,-43.232506,15.731438,-60.55507,37.919456,57.735374,-15.137473,-91.0721,-43.88349,49.540016,-13.35243,50.630463,50.678215,29.819105,-8.450834,69.526436,93.79238,50.082355,-33.30326,38.228916,-34.43902,3.5673819,12.363182,-6.5278974,-38.929253,4.0682755,83.51857,26.743843,17.137203,-55.602654,-41.56801,83.5532,49.795242,43.447895,-2.5604045,-4.384034,76.82079,-2.639441,12.51725,-37.97148,46.920536,-79.88776,-68.140396,70.88379,-1.664232,182.751,-24.125553,-26.229683,-61.016838,47.27227,-36.46605,-43.75152,-112.03321,42.389954,73.72721,-3.7177658,46.41907,-7.5793176,-6.485503,3.4935644,37.48498,-81.38293,-40.81832,-69.16555,-6.930642,-33.2747,-44.631493,-23.517193,37.89725,74.0224,-65.01017,11.959921,-18.833157,30.83339,3.931312,5.6954126,-39.216373,-19.91032,9.644375,76.542595,69.395584,-36.727943,49.969707,105.8783,28.704803,-50.08099,-83.53619,8.29676,-72.058105,-21.955544,-25.370895,1.0818717,25.303032,-6.2374287,30.406324,40.326645,45.968037,72.07099,33.6908,46.92,3.4329128,19.504494,-101.68861,6.4033628,-62.31594,34.444794,64.4041,-13.090665,-30.167343,77.53433,-11.154112,99.22867,79.441055,26.759258,-52.660194,-47.93863,27.788061,-132.55789,-13.269013,136.25272,57.667255,24.645157,-46.75539,-43.64586,42.56548,-36.88461,8.533145,7.587504,-45.71637,76.368744,84.40467,-13.051548,-21.325878,38.296814,-48.674088,16.022501,-121.478836,-47.774796,-13.712407,-146.83575,-9.439825,15.991571,37.549385,-0.1785121,-58.179966,-25.654926,36.13451,-60.89216,119.794876,-19.096535,21.369839,61.90354,21.321865,-33.552326,25.519203,-53.254814,-98.687164,72.059135,-46.53318,-3.1478481,-12.935684,-109.53648,-29.121262,49.827145,9.418404,-77.98374
DFDVYVLAKLLGFASEELQEEIEIIRDNVTDAFEACKPLLKKLMIEGPKIDSVDPFTQLLLTPQEESIEKAVSHIVARFEEASAVEDDESLVLKSQLGYQLIFLVVRSLADGKRDASRTIQSLMPSSVRAEVFPGLQRSVFKSAVFLASHIIQVFLGSMKSFEDWAFVGLAEDLESTWRRRAIAELLKKFRISVLEQCFSQPIPLLPQSELNNETVIENVNNALQFALWITEFYGSESEKKSLNQLQFLSPKSKNLLVDSFKKFAQGLDSKDHVNRIIESLEKSSSSEPSATAKQTTTSNGPTTVSTAAQVVTVEKMPFSRQTIPCEGTDLANVLNSAKIIGESVTVAAHDVIPEKLNAEKNDNTPSTASPVQFSSDGWDSPTKSVALPPKISTLEEEQEEDTTITKVSPQPQERTGTAWGSGDATPVPLATPVNEYKVSGFGAAPVASGFGQFASSNGTSGRGSYGGGRGGDRGGRGAYGGDRGRGGSGDGSRGYRGGDRGGRGSYGEGSRGYQGGRAGFFGGSRGGS,G5EBV6,LLPS+,529,0.1890359168241966,IESLEKSSSSEPQTTTSNGPTTVSTAAQVVTTSGRGSYGGGRGGDRGGRGAYGGDRGRGGSGDGSRGYRGGDRGGRGSYGEGSRGYQGGRAGFFGGSRGG,100,-194.79999999999998,4.023415311857918,0.3837429111531191,5.172030067443846,40,3,26,42,26,54,4,24,29,43,4,17,26,24,27,60,30,36,5,9,214,60,68,40,173,0.3270321361058601,0.4045368620037807,0.07561436672967864,0.11342155009451796,0.1285444234404537,4,0,4,4,2,34,0,1,1,1,0,1,2,3,13,14,8,3,0,5,62,14,8,7,11,0.11,0.62,0.07,0.14,0.08,0.323083305596162,GTEQYFVSGAGRCGLQSLTGTGMSGFEQIRERIGINSEVPTQALGKSFRVDVGEPSQSKGDDIVWLVIFEEEMGVLTKKLEFPVLNQVKAYTGFLIRLGLESENGLMDVGKRFLQDLVSTSSDNSASEQPGAHRPFTFSESDLAFELRGEEFSLGSGTKSDTGSKSEKGDDASYWVEVLAGPIVYFKCAKKVDQSRRNPTLQGNGEEKATAPKGDEVGQAGANNEDLQAENFSVSNPDVRDLGEFRKFVPVQTMWSQEVNSVSFRGDASTVGLCAVKKLPLSSISGSVSAKSVQAPSQAGLTSHEVTGVSKGTTAFYTNRSNDTRTSILVPAAVSASAAHGGRTAGAQFKSAGETGERTSELDGKLSSEDSSSEQRTAVLPFIISEGPFKEIAALKLGILSDPERLGRASFELPRQGHAQTVGIIKRPIQQDEGRGITKPRVRAEGTEKGGASDSESDDVTFNFLSASVRDSPLGALFVDIALAQNELPFIPSWPIKYFEQISKIPWLINSPYIYLPYGLRLNLEGTKA,0.26751078651219246,-78.935974,44.62773,-32.528725,20.202251,8.338491,39.436398,-36.338978,-5.2116027,-8.432263,-8.160031,4.023465,-29.579403,-2.460471,-26.004837,-17.77864,10.9778805,-35.235252,-1.7003837,-24.056374,-74.53227,-8.210488,-52.677998,-17.32606,56.889465,37.2511,93.00308,-56.556908,9.768114,33.090042,-23.59769,-12.389453,-7.7558584,60.862564,34.862473,-11.227873,-39.318016,16.880726,-28.203215,60.747623,17.369812,1.4036832,-17.413752,-17.30617,43.28822,-9.163918,83.70132,40.223877,-8.873723,16.548006,8.325357,61.067665,29.05963,-27.074799,31.80539,-26.375618,10.882277,15.779194,10.1271515,-19.634306,-11.167455,64.64878,44.69275,16.638378,-45.474777,-29.298813,57.668495,15.35251,27.596907,15.975574,-19.826933,60.54178,-5.1779704,5.537194,-28.039448,36.70395,-37.3566,-58.634216,55.110325,-0.2121324,102.82529,-1.862083,-3.7236934,-32.172325,31.77659,-43.54319,-12.596844,-64.886505,37.099407,38.929035,4.2640705,29.46319,6.736236,9.745808,22.570122,22.844196,-27.796543,-21.423155,-53.005455,6.874025,-15.300018,-19.605202,-2.09614,44.231544,46.083336,-56.04463,39.94159,-3.1091409,11.5915,22.270912,9.595832,-25.415909,-21.809292,4.293977,45.48192,53.877823,-14.967855,43.253582,71.988335,15.195761,-5.591662,-63.84944,-17.293762,-57.190598,-23.19685,-31.163212,27.594097,-5.0193396,-5.4548974,-4.48633,51.031475,44.766586,53.27648,19.555023,26.532652,27.813381,11.553299,-80.84329,3.9700928,-27.151566,61.561024,58.34715,-20.567648,-5.6581454,51.666706,1.1055102,57.90396,42.313248,2.6878693,-41.30265,-42.107857,12.106025,-72.19449,-38.893333,87.46607,25.318905,33.180183,-34.2359,-33.08094,18.176321,-37.682358,3.0189447,11.4805765,-5.1883383,48.543858,59.99849,10.393999,-4.646102,42.619118,-3.18238,-6.1095247,-58.432198,-27.884335,-21.889208,-105.63011,-35.39606,-15.927662,23.912323,9.697868,-9.847498,-8.491413,26.573847,-36.693985,99.6369,4.962203,42.65352,17.76909,26.254513,-9.69685,-1.5403364,-46.4789,-62.16954,45.868237,-5.4330826,3.703951,-22.569878,-54.79507,-11.197557,45.34546,20.168886,-61.652065
EHHSGSQGPLLTTGDLGKEKTQKRVKEGNGTSNSTLSGPGLDSKPGKRSRTPSNDGKSKDKPPKRKKADTEGKSPSHSSSNRPFTPPTSTGGSKSPGSAGRSQTPPGVATPPIPKITIQIPKGTVMVGKPSSHSQYTSSGSVSSSGSKSHHSHSSSSSSSASTSGKMKSSKSEGSSSSKLSSSMYSSQGSSGSSQSKNSSQSGGKPGSSPITKHGLSSGSSSTKMKPQGKPSSLMNPSLSKPNISPSHSRPPGGSDKLASPMKPVPGTPPSSKAKSPISSGSGGSHMSGTSSSSGMKSSSGLGSSGSLSQKTPPSSNSCTASSSSFSSSGSSMSSSQNQHGSSKGKSPSRNKKPSLTAVIDKLKHGVVTSGPGGEDPLDGQMGVSTNSSSHPMSSKHNMSGGEFQGKREKSDKDKSKVSTSGSSVDSSKKTSESKNVGSTGVAKIIISKHDGGSPSIKAKVTLQKPGESSGEGLRPQMASSKNYGSPLISGSTPKHERGSPSHSKSPAYTPQNLDSESESGSSIAEKSYQNSPSSDDGIRPLPEYSTEKHKKHKKEKKKVKDKDRDRDRDKDRDKKKSHSIKPESWSKSPISSDQSLSMTSNTILSADRPSRLSPDFMIGEEDDDLM,Q15648,LLPS+,627,0.39712918660287083,GKSKDKPPKRKFTPPTSTGGSKSPGATPPIPKITIQIPPSSHSQYTSSGSVSSSGSKSHHSHSSSSSSSASTSGKMKSSKSEGSSSSKLSSSMYSSQGSSGSSQSKNSSQSGGKPGSPSSKAKSPISSGSGGSHMSGTSSSSGMKSSSGLGSSGSLPSSNSCTASSSSFSSSGSSMSSSQNQHGSSKGKQGKREKSDKDKSKVSTSGSSVDSSKKTSESTEKHKKHKKEKKKVKDKDRDRDRDKDRDKK,249,-709.4,3.5931701769120328,1.0,10.00886173248291,14,1,29,21,4,67,20,19,75,24,16,17,55,19,18,171,34,16,1,6,364,113,50,11,93,0.14832535885167464,0.580542264752791,0.017543859649122806,0.18022328548644337,0.07974481658692185,4,1,11,5,2,26,8,5,39,3,5,3,14,8,6,91,12,4,0,2,155,53,16,4,23,0.09236947791164658,0.6224899598393574,0.01606425702811245,0.21285140562248997,0.0642570281124498,0.36221703697013624,HDSPDGNTISQPLSHSMNFSSGSTSDHGNSSGFGSQLVAKPGPGHPNHGCVSKHSGKSISGDSRVIKTAGEKKQPPPTQIDTSMTPSDITEPDKKTSDGKNVISPKGTNSPDANADKTVGKKIGASKKRKSGAPSLHSEASTPIISEIKDNSKSSSGTSPPKNSSTKGSSSDSLDSDGSYGMTPDLNSTGEFKSASDSTSSKKPLSSRGQSSVLRGKSSKPSSGWKTVEKVSLKQQSPTGPMGLKSDLGMKPPSKSSVGYSSAQSSTHKPMDKPLSETGPSEGFSGEGRSKPGKGEGLTTKQQSSTKKHRRQTISTLTHSGSGSGSTPKKPSGSPRMQGSSSMSISNKSSNSPSLKHASTLAPKRISSEVKRPSLGHAGKGDPKDSVPSSSSEIKMPMSSMHPGRPHSKSHSKEYNGSSESDDMNTSGPSSESPSSPSSDDTSRHEMSSSSSGKSKKKHPVQGSEPHPQSKSSYSAMSKKGKSDSSSKSMSLLDSNGPSSSSSRRLSSQNRDKSKSQSGEMVTTSSGSSPKSKSDSKPYRGLEGTKHKYGSQSSQDSSSPSISPSKIGIVGIKLKKKAGKKPGSRGHLGSPKGQGGGKPTVLRSSSISESLSSPKVSPSGGSNSSEP,0.34678295336885007,-83.53413,57.15983,-28.062338,3.2389195,10.09743,70.72165,-48.778164,-15.388859,2.223125,2.7056189,7.8696847,-39.595924,10.753116,-30.759537,-23.493734,22.105032,-5.8588505,12.970919,-32.50883,-81.90883,-1.9340641,-69.3885,-22.564217,76.99371,24.290974,121.51246,-67.72841,-1.2279668,61.605614,-15.636482,-27.593996,-14.091589,63.783577,55.755577,-22.124018,-49.23079,28.40664,-29.211348,62.022552,47.038643,-0.36117458,-34.366787,-36.690437,44.348526,-13.9381485,84.090225,45.462975,-12.670574,23.320679,24.781918,109.61015,39.99524,-18.176323,39.545425,-22.055344,1.2207962,16.696316,12.658041,-41.370556,-24.074108,109.80791,42.02441,17.11792,-57.711685,-43.86199,62.948376,14.771076,54.615124,20.354185,-15.22179,81.281975,-16.772749,-1.0244484,-37.01695,51.275368,-33.4398,-79.9337,89.33144,-3.5831928,139.15541,-19.612175,-14.879924,-45.850563,44.651405,-44.594147,-14.389009,-81.70722,63.02437,56.799774,6.8921947,47.67694,-1.6803488,6.0366592,19.710793,10.091172,-59.787575,-36.50308,-72.230415,-3.409854,-38.930305,-21.251509,-11.938805,52.519054,52.062,-65.83513,44.132103,-27.728306,20.233854,11.794273,-6.2202935,-20.739265,-13.980158,12.383803,60.07808,53.504948,-48.014507,55.87931,83.16609,12.936073,-30.715446,-85.39427,16.045929,-85.199425,-40.338596,-20.525627,34.030415,-9.3312025,1.3518972,-19.710882,60.941917,42.978313,50.451206,26.412113,22.544024,18.795834,25.654036,-76.90349,22.158737,-34.28327,43.729755,80.305855,-31.719107,-20.862331,69.60756,10.947151,65.62175,32.944298,-12.765892,-51.09497,-41.072773,11.663212,-84.27261,-39.250893,104.64603,66.97739,43.07948,-41.96774,-41.39962,24.78674,-54.678295,-5.1322985,16.696007,-18.706469,68.521866,100.880905,-7.47557,-11.277353,49.557858,-29.467266,16.421259,-71.925575,-32.229347,-32.773674,-120.00863,-22.490242,-4.714513,36.497684,19.9351,-10.692893,-17.8811,18.710518,-33.705925,119.6644,19.565514,62.956665,30.483074,17.941887,-35.657192,0.88386,-57.653008,-63.049408,40.550976,-38.99295,2.4747262,-4.932702,-74.72101,-18.273066,47.863167,50.777397,-83.31481
ESCEYTCGSTCYWSSDVSAAKAKGYSLYESGDTIDDYPHGYHDYEGFDFPVSGTYYEYPIMSDYDVYTGGSPGADRVIFNGDDELAGVITHTGASGDDFVACSSS,P00653,PDB*,105,0.0,,0,-49.6,3.822708774725622,0.0,4.0500284194946286,7,4,13,6,4,13,3,4,2,2,1,1,4,0,1,14,7,6,1,12,43,6,19,17,24,0.22857142857142856,0.4095238095238095,0.1619047619047619,0.05714285714285714,0.18095238095238095,0,0,0,0,0,0,0,0,0,0,0,0,0,0,0,0,0,0,0,0,0,0,0,0,0,0.0,0.0,0.0,0.0,0.0,0.36275551853394433,SADHVDDLVCHGDEFSDGTETSTSYRFSPEYYDGGIWGVGPSTYGDATSGDDNYIYVYHSKSFSELDTMSAYYESASGYTGPACISVEKGADGGCDPVYCDIAYF,0.3307555185339443,-17.107182,10.956483,-6.3982134,7.419207,-0.72657096,9.69088,-8.584761,1.2139776,-2.5827618,-3.8185048,0.47134528,-7.4391785,-0.3031457,-3.3907304,-5.6853724,0.14541692,-5.64435,0.15946403,-3.5637722,-16.685783,-0.73524946,-12.972788,-4.4075875,12.706945,9.302292,19.627295,-10.292662,5.6357718,4.868244,-5.044935,-4.0281086,1.3048358,12.408172,6.954243,-3.2911186,-8.728775,4.525482,-4.6719465,10.672956,3.0314822,1.3656989,1.3689066,-1.3689802,4.891404,-1.9991392,17.88349,8.876736,-1.9096533,1.1814786,0.84831685,10.857808,5.659874,-7.749202,5.7041802,-4.445886,3.154325,-0.46651188,2.502992,-2.7138314,-2.0624866,14.989021,7.073023,5.9076552,-7.1017303,-8.849899,12.596073,3.9630284,7.5537386,4.3368506,-5.968488,12.094337,-1.3570545,0.5788464,-5.973369,8.134283,-7.2476735,-11.18056,12.98244,-1.5964828,16.431765,-0.7883843,-1.1892759,-6.7999773,7.3325047,-11.52713,-1.1977407,-12.9268,7.1139746,6.489861,3.640911,6.0880404,-0.39517984,1.0974333,7.496125,4.8319163,-1.6480298,-5.443724,-10.336889,1.6429427,-1.9587014,-4.178929,3.084872,7.763484,9.232603,-9.413092,7.413961,0.51023656,2.1411057,7.342696,2.7726512,-6.4854827,-4.7739635,0.30611274,6.498464,13.164743,-2.4768267,11.611922,13.036357,4.6178303,0.7217674,-12.748606,-5.8740063,-9.963629,-2.6840122,-8.394379,6.7083354,-2.0952792,1.5366297,-3.2656608,9.568938,11.404841,8.86742,1.264429,5.1197147,7.185254,2.6293485,-15.064707,0.29680908,-4.2745004,12.229736,12.557222,-5.326606,-0.69842154,9.417984,0.8894855,10.867746,9.815828,0.058039308,-5.607456,-10.346693,5.1846714,-12.053602,-9.968205,14.810432,4.9367313,7.4455147,-8.331888,-5.206251,-1.2471521,-10.187487,1.8498269,2.189587,-0.8749087,11.898184,10.722471,2.3618338,-1.1107467,6.6140823,0.23294377,-1.0573055,-12.7960415,-4.6128683,-2.3137197,-20.064388,-10.576807,-2.8370037,-0.88271224,0.3383274,-1.2466369,1.5100343,4.780142,-7.4006176,21.058102,-0.73985404,9.855406,1.8744776,5.656938,-0.7776029,-1.0143573,-11.887746,-10.437729,8.19215,-1.6196785,-0.33411878,-2.3469977,-7.557338,-3.0714693,9.088606,4.8072805,-12.705252
MSMAYEEYMRQLVVPMRRELTGAGFEELTTAEEVENFMEKAEGTTLVVVNSVCGCAAGLARPAATQAVLQNDKTPDNTVTVFAGQDKEATAKMREYFTGQEPSSPSMALLKGKEVVHFIPRHEIEGHDMEEIMKNLTAAFDAHC,P54170,PDB*,144,0.0,,0,-41.99999999999999,4.037587312170859,0.0,4.810193061828613,17,3,5,18,6,9,4,3,7,9,9,5,6,5,6,5,12,12,0,3,45,17,23,9,56,0.3888888888888889,0.3125,0.0625,0.11805555555555555,0.1597222222222222,0,0,0,0,0,0,0,0,0,0,0,0,0,0,0,0,0,0,0,0,0,0,0,0,0,0.0,0.0,0.0,0.0,0.0,0.22633832577285218,MTQLILRAYLDATEVSDDQQENSIKPLVNPVMEFEFFTESNFTTSLSHMPETQRAAEGLVMRAGQMHETTCFGVAVPEGAGYVEHTTKGKANGEMCVLGIAPTAHEMADLAEEGNVAMVAVEALEVFRRKYCEDTKEKMPRKAA,0.2769858077872407,-23.536282,14.678049,-8.865502,11.385899,1.4152224,12.058352,-8.814328,1.6010251,-4.6388984,-4.806696,-1.7588658,-7.7023993,-1.3840525,-8.655886,-7.138933,1.3089685,-13.409507,1.0954394,-6.6462,-18.215849,-2.501215,-13.325085,-4.42917,14.283211,11.437147,24.78334,-14.303382,2.9013422,10.820403,-3.5660863,-5.002922,-1.3778235,16.015759,9.408525,-0.97792864,-8.698244,6.28512,-6.7311497,17.396347,1.6887877,0.63821656,-3.8465104,-1.6458471,13.280865,-3.922669,23.670033,11.910915,-1.6408381,4.193138,2.0822363,13.758669,9.618636,-8.021029,8.083217,-7.3446083,4.7441516,3.032659,3.401259,-5.1513367,-1.5392332,16.70408,10.262002,5.5114183,-10.34625,-9.8492985,16.145815,3.6858604,7.9382625,3.307887,-6.0809064,14.838129,-0.13449274,2.1743684,-6.3620157,11.643846,-13.261864,-18.346258,14.486032,-0.8775114,23.084751,1.1905189,-1.7638263,-11.396997,8.365113,-13.772342,-4.79786,-17.454708,6.4998527,9.857721,2.769616,3.9879994,3.1721194,4.88577,6.7724895,9.322495,-3.8968182,-5.699232,-14.714284,2.072469,-1.7710495,-8.513979,0.25344628,11.38039,14.496261,-14.585324,12.468047,1.7132835,1.6142986,9.24309,5.2953043,-7.0127144,-6.6931686,2.4702017,9.754133,13.783035,-0.9290255,14.081791,19.00211,5.21311,-0.09048402,-17.017113,-8.4347925,-14.668457,-6.310767,-9.408415,4.935784,-0.24959859,-3.06149,-1.9271326,12.626916,12.567547,15.684649,5.664871,6.943696,9.01388,-0.25780043,-22.208641,-1.1253091,-5.5797157,16.23603,14.464148,-4.6979218,0.14386499,13.236435,0.54335964,15.467783,14.231686,2.1206603,-9.589714,-10.553196,7.4212112,-18.583359,-8.909373,22.513668,4.0117292,9.106829,-10.110193,-6.8966575,5.6042266,-9.8170185,3.4157243,1.3353493,-2.5110636,16.051445,13.971319,4.048769,-1.4650263,10.865597,2.086223,-2.4213247,-17.359446,-5.9085,-6.544555,-29.488075,-13.499515,-4.491705,4.927952,2.397379,-3.6977909,0.49342638,9.752495,-13.476263,27.683758,-2.3729064,11.162586,6.7762566,8.559787,-2.3897295,0.3334307,-15.945514,-14.338585,13.63755,0.5176252,2.4375215,-9.732007,-16.040125,-4.188239,9.879581,2.8332825,-14.645131
GDVAKGKKTFVQKCAQCHTVENGGKHKVGPNLWGLFGRKTGQAEGYSYTDANKSKGIVWNNDTLMEYLENPKKYIPGTKMIFAGIKKKGERQDLVAYLKSATS,P81459,PDB*,103,0.0,,0,-74.9,4.039247457175238,0.0,9.639135551452636,7,2,4,5,3,13,2,4,16,6,2,6,3,4,2,4,7,6,2,5,39,20,9,10,28,0.27184466019417475,0.3786407766990291,0.0970873786407767,0.1941747572815534,0.08737864077669903,0,0,0,0,0,0,0,0,0,0,0,0,0,0,0,0,0,0,0,0,0,0,0,0,0,0.0,0.0,0.0,0.0,0.0,0.3166446663353973,ANHGINELKKVNKFPDVVINGKYTQEMSHKASACNYGVEDQTQFTGELGVAKTGPDIKLNLVAKGRLWSKWLKAACKFYDIGTGKMPGEGGTYSQKGKKRYTK,0.30031813572315236,-13.58028,10.019201,-5.3298135,7.257634,0.1334543,8.975982,-7.0602455,2.9688988,-5.044818,-2.578652,0.67237663,-8.18572,-1.169161,-4.622861,-4.4259443,-0.6744164,-9.560318,0.049507648,-4.579179,-15.97353,-1.4283693,-11.467646,-5.209812,12.592659,8.529552,19.752226,-10.207681,3.615892,4.2601295,-5.0959983,-1.7658628,1.8996205,14.348928,6.663486,-3.7453868,-10.0640745,3.2158298,-5.3398385,14.046501,0.08057362,0.4669837,0.50817454,-1.7558532,8.057772,-3.7680297,16.161104,8.622345,-1.3228002,5.300915,-0.5405355,10.43018,8.337044,-5.5466013,7.422058,-3.8416727,2.5635092,3.0139022,3.7529187,-1.1221421,-1.5267866,14.331251,8.628941,3.936674,-9.025084,-5.2432737,12.81398,2.166491,6.599902,2.4263847,-6.307026,12.820079,-4.0980015,1.8695519,-4.8764043,6.732731,-8.347837,-13.508453,11.434402,1.6733946,14.037014,-1.188034,0.21567294,-5.5984597,7.20425,-11.488367,-0.38102928,-13.066037,7.277401,5.878749,0.8488458,4.4994273,-0.7025851,3.5686488,6.499896,5.2798505,-2.4804776,-3.6914163,-12.181038,2.0133078,-3.2206328,-5.272975,0.5244532,10.890914,9.212166,-9.585129,8.256544,0.8255867,-0.03339207,5.385911,2.1961024,-6.888857,-3.5247114,0.5726479,6.802243,11.822469,-3.8128173,9.966125,11.046158,3.8273385,-0.31095168,-12.875656,-6.927389,-10.046444,-3.632206,-6.831832,4.1874323,-1.5833697,0.38439652,-3.4395282,7.946085,9.114401,10.307114,5.7863655,4.8233905,6.5414534,1.6764543,-13.886302,-0.71175075,-2.2401912,15.116735,8.900246,-5.797078,1.2392803,11.212331,0.7093386,10.100516,6.4069715,0.51758945,-7.1534653,-8.364718,3.8422883,-11.764675,-8.039201,14.442397,3.649256,6.0746884,-7.8281255,-5.466073,3.56429,-7.759109,2.6764944,3.7395997,-2.0980937,11.733255,9.909962,4.98027,-3.1124444,8.495215,-0.55550146,0.8604686,-9.596786,-4.453142,-5.4581156,-20.35209,-9.163741,-4.27693,2.4133573,2.2693043,0.9432677,1.444296,8.187944,-8.789867,18.353512,0.81029797,10.2350445,1.2801318,4.1254816,-0.7431035,-0.1734667,-9.843573,-9.89794,8.632334,2.25665,0.11495262,-5.51358,-10.83549,-2.4037642,9.702418,3.1992917,-10.290032
MKVLFRSDSSSQIGFGHIKRDLVLAKQYSDVSFACLPLEGSLIDEIPYPVYELSSESIYELINLIKEEKFELLIIDHYGISVDDEKLIKLETGVKILSFDDEIKPHHCDILLNVNAYAKASDYEGLVPFKCEVRCGFSYALIREEFYQEAKENREKKYDFFICMGGTDIKNLSLQIASELPKTKIISIATSSSNPNLKKLQKFAKLHNNIRLFIDHENIAKLMNESNKLIISASSLVNEALLLKANFKAICYVKNQESTATWLAKKGYEVEYKY,Q0P8U5,PDB*,274,0.043795620437956206,PKTKIISIATSS,12,-46.60000000000001,4.00149127919991,0.0,5.942539405822754,17,6,14,25,13,10,6,27,29,32,3,15,7,6,6,25,6,12,1,14,75,41,39,28,104,0.3795620437956204,0.2737226277372263,0.10218978102189781,0.14963503649635038,0.14233576642335766,1,0,0,0,0,0,0,3,2,0,0,0,1,0,0,3,2,0,0,0,6,2,0,0,4,0.3333333333333333,0.5,0.0,0.16666666666666666,0.0,0.22339933900611078,WCNKIFPLCENEFNKASIHFEFVAGTCIKAMEKIEEINFINLASESPLKVFKLLAGSPVAEKKAEKYLLLLGSRQAFIIISYDTSRIVSFSKHSLLQRYSCKYKAKHSEFVLDDPLKEKSYNYESLKIYYDFFDIPMIDKSLGLQIAYCIKSEEIKDENEKLNQSKKGVSPIAIKLHRIVYVSLPDADEEQSIVFNSDKILNSTIISELTANEKRYTELKECLTANGQGFRAAVLIVLGMLSYLKLYAYDDHNLSLLNGEDEHIEGDVIILKKN,0.24124320517711445,-38.08471,20.909157,-18.772192,17.85001,4.6954374,21.940218,-20.29617,8.935888,-10.4898815,-8.971857,3.8742094,-21.607065,-5.521342,-11.541807,-11.872147,4.4410057,-18.745771,-0.77299523,-13.748911,-40.18449,-1.5682799,-30.771439,-8.572987,30.178024,20.490368,48.9524,-31.164661,8.075882,13.518696,-16.142603,-1.8996798,2.9953923,35.755207,16.906096,-8.937694,-20.94637,13.440943,-13.551426,39.440525,4.549,-1.1226932,0.13284722,-3.6954007,21.348825,-2.7528791,46.496506,21.434504,-7.660659,17.590218,-1.6381669,25.908846,21.807465,-14.342216,25.384842,-18.326138,2.6215098,13.965414,12.816196,-9.98563,-0.9351743,32.03517,21.030155,14.272742,-20.691029,-10.212988,31.676678,3.0181131,20.670448,6.337222,-14.992363,35.86892,-13.673806,5.6530676,-17.079884,16.208254,-26.76379,-41.15016,30.615849,-3.1159267,43.848824,3.00072,5.331278,-19.61464,15.613775,-25.270384,-5.11307,-41.729668,24.869852,17.81666,1.4899302,12.018775,2.9600472,7.388797,16.433788,11.148775,-12.312212,-5.782943,-27.160778,5.858215,-11.290378,-16.817326,-1.232778,31.759943,20.70769,-36.376797,23.802254,3.4763994,3.3224216,13.6126,-1.6033006,-16.627228,-5.1931314,0.5033145,20.530354,28.348656,-12.526337,25.38315,29.446579,7.923436,-2.1998892,-30.690407,-9.866047,-26.968136,-9.444001,-16.293072,18.93911,2.7729275,1.2524968,-10.495459,28.347334,21.447498,17.64411,13.219761,9.708332,15.622911,4.0910134,-36.939632,1.012712,-8.572618,36.55592,31.350574,-18.30105,2.1828437,25.440533,1.1662756,23.227943,16.231695,-5.092598,-18.441448,-16.79266,7.6963267,-32.260197,-17.98673,39.153065,14.694462,15.242321,-18.04764,-14.421003,11.627017,-19.147152,1.2513814,13.116574,-8.160139,29.468369,30.209354,8.672144,-11.851166,22.587887,1.5933872,-0.24995443,-22.174515,-12.003635,-17.043472,-45.879066,-25.456001,-12.298927,9.70484,13.203413,-0.12878497,2.241582,18.080082,-14.37401,50.001823,-0.49440312,29.280853,7.413796,10.703096,0.90656435,-4.1243963,-23.217758,-23.44577,23.915657,2.4595287,5.9540577,-19.42285,-28.39832,-4.4044805,24.791044,11.011456,-29.087421
MQKRAIYPGTFDPITNGHIDIVTRATQMFDHVILAIAASPSKKPMFTLEERVALAQQATAHLGNVEVVGFSDLMANFARNQHATVLIRGLRAVADFEYEMQLAHMNRHLMPELESVFLMPSKEWSFISSSLVKEVARHQGDVTHFLPENVHQALMAKLA,P0A6I6,PDB*,159,0.0,,0,1.0,4.077368090517702,0.0,6.48984203338623,19,0,6,10,9,6,9,8,6,15,9,6,7,8,8,9,8,13,1,2,44,23,16,12,73,0.4591194968553459,0.27672955974842767,0.07547169811320754,0.14465408805031446,0.10062893081761007,0,0,0,0,0,0,0,0,0,0,0,0,0,0,0,0,0,0,0,0,0,0,0,0,0,0.0,0.0,0.0,0.0,0.0,0.17709816976090015,LAQQLSANEEIIALPEVRSTIYKDMAHHVRWRPPGIMPRELLGAKDLILLMGMHFGVQVLPNHVLKFDMSVAMVAVFRAAVRAHGTHQNGEVLKPDFELSISTSAAFSQQYVQEANLHVKMSLNTATDTIRELNVAHFAIERPEFAMATQSTAFFHMKD,0.1937215463842768,-22.767672,15.117426,-13.935715,11.311314,-0.89875144,11.269878,-11.76515,-1.4283992,-3.5913248,-6.0950985,-0.45230013,-10.26603,-5.0299096,-6.9101744,-7.997073,1.3897642,-14.952857,-1.3979499,-6.43133,-21.32995,-3.1468067,-14.329567,-5.272082,16.059906,13.426111,27.520138,-15.074322,4.4587183,7.17869,-7.228137,-3.6825266,-2.4002159,19.73312,7.1399126,0.2335408,-12.643179,6.526189,-9.838753,21.019657,0.1405955,1.102063,-2.2589617,-2.449994,11.521482,-2.731278,27.08271,13.993978,-4.687494,5.503712,1.7938017,16.819553,10.232506,-12.27521,9.770066,-11.132309,-0.075214684,6.6045566,5.1851206,-3.7286263,-2.8646646,17.802048,8.05094,5.553454,-12.197529,-9.904066,16.397469,7.6810045,6.9738455,3.4843063,-10.375507,21.604414,-2.1669037,2.1554353,-10.445278,9.278091,-13.318443,-19.80827,12.815458,1.1777976,28.25063,3.8070726,1.4954506,-11.909288,9.508719,-15.3372755,-4.706196,-21.947899,10.100454,13.719252,3.5962372,8.009344,0.5544096,1.4441655,7.8061132,10.458638,-5.789845,-5.0486474,-14.936883,2.5244045,-2.546002,-8.457645,1.5173103,13.550547,14.599527,-15.943261,13.774616,0.5499141,1.7753389,8.376056,5.5697412,-7.854725,-6.9725018,-0.8560614,11.519437,19.370546,-1.074511,14.72402,20.384256,5.9218965,0.13458984,-18.578339,-4.8491764,-14.721933,-5.0122995,-11.074196,6.002714,-0.5541149,-1.7095816,-1.974499,12.944283,13.599358,15.067295,7.5041246,11.251276,10.407483,0.52807117,-23.741606,-1.258178,-7.2835865,20.254253,12.162328,-3.5834293,0.29802215,14.462261,-4.6601076,19.567398,16.220589,0.16200483,-10.356618,-13.953516,6.4976845,-20.23196,-9.659749,24.61681,4.455267,9.174349,-8.278402,-8.751806,2.8187792,-11.614667,2.9057393,5.3473463,-3.2592444,17.647305,16.530962,4.4297123,-1.5441667,12.654944,0.5521223,-4.419834,-17.560242,-7.091685,-5.239419,-30.319454,-12.80807,-6.8118,5.2200356,1.1904933,-3.0434842,1.4684917,7.6729183,-11.971094,30.597557,-2.5219426,13.267733,8.569947,8.107836,-0.6209825,-1.0074955,-14.282336,-16.348145,14.438,0.25602394,0.83243906,-11.162349,-17.050987,-2.209995,10.621367,3.1951313,-16.95166
MRVGIPTETKNNEFRVAITPAGVAELTRRGHEVLIQAGAGEGSAITDADFKAAGAQLVGTADQVWADADLLLKVKEPIAAEYGRLRHGQILFTFLHLAASRACTDALLDSGTTSIAYETVQTADGALPLLAPMSEVAGRLAAQVGAYHLMRTQGGRGVLMGGVPGVEPADVVVIGAGTAGYNAARIANGMGATVTVLDINIDKLRQLDAEFCGRIHTRYSSAYELEGAVKRADLVIGAVLVPGAKAPKLVSNSLVAHMKPGAVLVDIAIDQGGCFEGSRPTTYDHPTFAVHDTLFYCVANMPASVPKTSTYALTNATMPYVLELADHGWRAACRSNPALAKGLSTHEGALLSERVATDLGVPFTEPASVLA,P9WQB1,PDB*,371,0.03504043126684636,QGGRGVLMGGVPG,13,60.3,3.9849648099269284,0.0,5.808001518249512,58,5,19,18,9,37,10,15,11,37,8,9,18,9,19,16,28,33,2,10,122,40,37,21,160,0.431266846361186,0.3288409703504043,0.05660377358490566,0.1078167115902965,0.09973045822102426,0,0,0,0,0,6,0,0,0,1,1,0,1,1,1,0,0,2,0,0,8,1,0,0,4,0.3076923076923077,0.6153846153846154,0.0,0.07692307692307693,0.0,0.19177405147483575,AMGALYNRTDYGVAVAGMSVDALQENLAIPFPDSKCIRTAFIRTALVHPFVALYAELIAVHAAPYTGGRAYCHDGAACLRMALNALLGDRAPSRVTYGTVAQLALGSPSKGMETALDTPLVTKTQLGAIITHVTGHEMATTKHLRIPKGFLTTLPDVGLESPARSTARRAKGGTGAGNAAAFVRRNPLDNMDFPRVLVWEDDCSVTVAGGLLQIPIAGLLASQGVATAEALAIPGLDGPSAVGTKVGQKHDGKAESVFMTTYDHEHEVCHLSAWVANQLLATGAPLEVVAFVGSVPGSTINSLNLKVGGDGVQDVTGARVGEVLDGQYTLDEIEEGYAIADASEVLAEPAARAEIRAFAAAVYRKTLMAIR,0.21538060885188498,-58.12217,37.544308,-29.537704,24.687155,-0.14020014,27.21271,-22.260288,-6.357068,-4.8109217,-10.240185,0.82600987,-21.561207,-2.0027063,-17.972883,-18.712158,1.6321403,-29.35506,-2.968668,-20.83806,-52.341816,-2.5306282,-40.612907,-6.4925847,37.897884,34.287754,66.18585,-32.73037,12.94507,22.755655,-15.923187,-12.304468,-3.5015063,41.44011,16.198545,-2.9053102,-27.718128,8.024219,-27.284275,45.094185,5.679387,3.4193993,-9.747314,-4.0488796,26.11008,-8.001086,67.06035,29.74802,-7.6061487,12.886745,3.348612,37.794327,18.652967,-27.85178,17.751123,-14.71571,8.003525,6.601046,7.2381053,-5.4388137,-14.724714,43.351967,22.991913,6.0644283,-24.387005,-30.940458,37.14485,15.898327,11.378433,8.515772,-19.850529,38.998238,-1.7816508,1.991925,-24.083633,24.670166,-25.653309,-37.474617,32.905315,0.15460971,64.77068,1.2181373,-1.1306942,-22.74952,27.439636,-38.20773,-12.057781,-42.88393,17.45622,34.27503,7.0745344,12.061466,4.6122,6.997533,21.11062,23.872854,-12.440573,-16.171417,-32.0217,9.659154,-8.230788,-12.120134,4.2959633,27.580538,31.860683,-35.4521,29.96737,9.005331,6.956086,24.168192,12.1020565,-18.08855,-23.086952,0.13638678,27.683949,39.28737,0.6679704,32.25324,47.08127,13.706578,7.1111507,-43.643925,-15.795121,-40.32124,-9.365069,-29.558662,14.930292,-5.7820864,-5.2640934,-0.53412,34.569122,35.144283,40.096832,12.846383,23.347885,24.252342,1.6989285,-58.456623,-4.008253,-16.491528,47.77573,30.273922,-9.725486,-5.6321416,33.933746,-3.5341692,41.86588,37.532185,3.1680036,-19.073425,-34.114147,11.62476,-46.461308,-27.733355,58.93216,7.856213,24.064905,-24.27137,-20.76561,9.381317,-27.13296,13.08898,6.359208,-4.310577,44.014526,33.626812,8.450837,-3.7246609,31.59865,3.4556248,-10.633898,-47.111744,-20.897877,-9.538212,-76.205025,-29.72622,-12.610813,16.479504,3.2490072,-8.1298,-1.9894108,19.627235,-30.705906,74.281334,-5.7396593,27.60485,16.727024,29.590927,-4.6918855,-1.3729455,-37.448658,-51.75734,30.635935,2.8723977,-3.423155,-17.14917,-37.9225,-9.132561,25.44868,7.644064,-40.29506
ACWKANSCPGSAFESKDRLRSFALLYCRYNYKPPYGQGAFGYASAVSTHGWETEAQCINTFEQIITSCHGQSNGGTLELNSGRLSLAFGNCEEL,A7UNK4,PDB*,94,0.0,,0,-34.400000000000006,4.014881348447998,0.0,6.092310142517088,9,6,1,7,5,10,2,3,3,8,0,6,3,4,4,10,5,1,2,5,44,9,8,12,26,0.2765957446808511,0.46808510638297873,0.1276595744680851,0.09574468085106383,0.0851063829787234,0,0,0,0,0,0,0,0,0,0,0,0,0,0,0,0,0,0,0,0,0,0,0,0,0,0.0,0.0,0.0,0.0,0.0,0.3596952925701127,GSYAYAAGPRHTLKERTHSCTSLGTRAASNGCEAPFEGNAYKYNLLGKNCQVSGGGLGSFIWSIQSCNDELFFCWPELYQERTFSISLENCQAA,0.27699866335662954,-13.427078,9.345573,-5.3122144,4.1962347,1.6198324,5.100547,-5.8851924,-2.6763878,-1.7395487,-0.7055523,0.54814184,-5.581957,0.6649614,-4.6089387,-5.0972056,0.08400217,-7.2544007,0.38983792,-4.6196322,-12.468447,-2.925613,-12.346121,-0.6094953,10.699696,9.573752,14.858332,-7.560009,3.1692631,5.1993623,-6.912282,-1.7903893,0.5996474,10.892778,3.887979,-1.7881165,-6.4501266,4.3925514,-6.92064,10.458396,3.2054462,-1.7639922,-2.1267118,-3.203446,5.300383,0.46901456,13.420382,7.366539,-2.167755,3.056395,1.5366402,12.784859,5.271259,-6.159667,8.144209,-4.6287065,1.4822719,3.3457878,2.272616,-1.9446961,-2.5267289,13.165787,5.0687284,2.4109628,-5.521289,-6.613848,11.821489,2.3646173,5.753757,2.9414191,-5.260535,11.474085,-2.3891516,-0.778169,-6.1920404,4.7975936,-5.9951487,-10.850167,11.632029,-1.7468156,14.622316,-0.44162226,0.9736201,-6.556211,6.313649,-10.690663,-3.8112473,-12.907694,7.9182744,6.821761,2.926146,3.996335,-0.9427285,0.6292986,5.4398303,4.190317,-4.175908,-5.1142855,-7.51202,1.527633,-4.885181,-4.1389847,-0.7070755,7.0367165,8.043972,-9.53839,6.508414,-0.35058033,0.6179872,4.6188507,2.9606152,-6.1202836,-4.5886583,-0.33261508,5.775674,10.62499,-0.8387929,10.4920225,12.288532,2.5200388,-2.2446895,-8.961189,-4.3967776,-10.449323,-0.29048553,-7.632988,6.052811,-0.99300104,0.727416,-2.090296,7.832634,8.599744,5.924326,5.172025,4.3716497,6.2039266,2.2555068,-11.819627,0.75811994,-4.375152,12.085875,7.886862,-5.677211,-3.2869966,7.6106873,0.7591001,9.298208,5.57659,-2.4417996,-6.349003,-8.70621,3.406652,-12.467527,-6.750988,14.04121,4.0343738,5.470641,-7.4218807,-3.6445866,1.3301922,-7.701776,1.0219368,2.7293017,-2.9938166,10.565625,9.508073,1.8548152,-1.4130137,6.491152,-0.88444936,-0.66389525,-8.959904,-3.6374667,-5.0263343,-17.807795,-7.6653953,-2.9082532,-0.32290474,0.212977,0.011026144,-0.9869294,5.7891665,-7.4143143,17.544159,-0.18451938,8.946801,1.7762573,5.8125544,0.17006284,-0.5574262,-8.929394,-10.04705,5.875477,-2.6769462,-3.958336,-0.8464513,-10.298676,-3.3480687,8.065289,3.5712495,-10.423303
MVTIRLARHGAKKRPFYQVVVADSRNARNGRFIERVGFFNPIASEKEEGTRLDLDRIAHWVGQGATISDRVAALIKEVNKAA,P0A7T3,PDB*,82,0.0,,0,-27.000000000000004,3.9548491422310303,0.0,10.542659950256347,11,0,4,5,4,6,2,6,5,4,1,4,2,2,10,3,3,8,1,1,20,17,9,6,34,0.4146341463414634,0.24390243902439024,0.07317073170731707,0.2073170731707317,0.10975609756097561,0,0,0,0,0,0,0,0,0,0,0,0,0,0,0,0,0,0,0,0,0,0,0,0,0,0.0,0.0,0.0,0.0,0.0,0.20953992777314004,ANRWAKDNIEAVRQMRTLGDTPIRTVKGAVKFAVVGKIVDEDHALQIFPERFSNRSVARAEGNLLRAVSGIYKFEAAGRRHI,0.15551395374716603,-13.507782,6.388549,-4.9878273,5.149468,-2.651462,5.2247787,-4.912838,-1.2646242,-2.6582108,-4.0553646,-0.83065784,-4.8606277,0.41965258,-5.471558,-6.6252985,0.34421256,-6.8973846,-1.9905182,-1.9649847,-12.8789425,-1.8887612,-7.9573903,-3.2388313,8.149026,6.675167,13.590133,-8.898575,1.3804922,1.4838063,-2.3937,-1.3893489,-2.9564645,7.9043884,3.7581766,-2.0955868,-5.335391,2.8974729,-4.4076285,10.360921,0.9289771,0.94570965,-0.8501972,-3.1123,9.2718115,-2.83169,15.302237,6.058614,-2.0509992,1.4635956,-1.8714364,8.401847,5.0114,-6.0006523,4.178855,-3.416552,3.6377969,2.4432492,2.7404547,-3.3792758,-1.6462629,7.8478312,8.054043,4.8428607,-6.2976418,-6.120404,9.80359,3.994992,3.9340434,0.8099726,-4.804147,6.251694,-0.07224411,1.7622888,-3.1810112,4.4992228,-6.88906,-8.854974,7.5963483,-0.20774618,14.622175,0.96149063,0.5573511,-6.1061516,6.1008124,-7.4069014,-3.026217,-9.221693,4.473033,7.536012,-1.0315732,2.9408493,2.7406375,1.4938686,4.5077543,3.1727376,-2.2518268,-3.4810638,-5.6832514,0.66487443,-2.9710205,-2.8979602,1.9096427,8.010434,6.9135885,-9.052528,6.3361053,0.36769992,2.183312,4.154108,2.014925,-4.0175467,-4.202106,2.9230292,6.530159,9.303844,-2.0284822,7.602119,9.0545435,3.362775,2.6246293,-9.649226,-4.5076513,-9.858769,-2.9865928,-6.5536423,3.6641796,0.045462698,-2.8267307,-1.1025369,8.350889,6.552541,6.8421865,3.5934863,4.9735794,4.8920813,2.5462847,-11.212979,-2.8286746,-2.0956702,11.068003,5.9587784,-3.2110944,-0.13178968,5.414607,-1.602274,7.661248,8.186404,-0.011666968,-6.049425,-8.895944,4.0094824,-11.216675,-6.22544,10.675596,-1.0253708,6.732459,-4.239483,-4.6368876,0.93224883,-4.5974255,3.7126517,3.750987,-0.84623843,9.599573,6.2609396,2.8354583,-0.756153,5.430132,2.5921967,-3.0774107,-7.77071,-4.045872,-2.3885682,-14.178041,-7.521535,-4.4644184,1.818323,0.5313336,-1.094787,0.13408104,3.7087991,-6.1775,18.274193,-0.5845026,8.582262,2.4557283,3.3838787,0.5627159,-0.46267506,-8.01111,-7.8988304,4.6533003,1.4975157,0.11606178,-4.858532,-8.071687,-0.042541496,3.868092,2.0062795,-6.7573624
MVKQIESKTAFQEALDAAGDKLVVVDFSATWCGPCKMIKPFFHSLSEKYSNVIFLEVDVDDCQDVASECEVKCMPTFQFFKKGQKVGEFSGANKEKLEATINELV,P10599,PDB*,105,0.0,,0,-10.1,3.983500454633238,0.0,4.817980003356933,8,5,7,10,9,5,1,4,12,6,3,3,3,5,0,7,4,11,1,1,32,13,17,11,41,0.3904761904761905,0.3047619047619048,0.10476190476190476,0.12380952380952381,0.1619047619047619,0,0,0,0,0,0,0,0,0,0,0,0,0,0,0,0,0,0,0,0,0,0,0,0,0,0.0,0.0,0.0,0.0,0.0,0.22009774116751765,IKVFEGNVKSLVHLKKKEMCSDEQEFKEVKQCLEIAVYVACVIFLNGCTKPEFFGSKDEDQKLKSADAQTWDTFMSVGSAGAFVSQVDFVTFAEKIMADNLCPEP,0.24569774116751764,-15.14777,9.04969,-5.7783947,9.772764,0.58138907,9.308458,-5.3738203,2.4606655,-3.5820932,-2.9952254,0.8895383,-8.27127,-0.92322105,-5.89849,-5.442992,1.009069,-8.317579,-0.7643349,-4.331745,-13.952154,0.071278244,-11.791712,-3.4790063,11.12451,9.827982,19.018045,-10.049406,5.518714,5.9936895,-3.3591695,-2.345574,0.59968334,13.489101,6.033018,-2.327576,-9.559654,4.768619,-4.319205,12.996789,1.2449634,-0.25997606,0.60742605,-2.4078455,8.4235735,-1.8801811,16.481697,10.050361,-1.9872379,6.094409,-1.265835,8.4132395,5.9462056,-6.216582,9.677212,-2.841852,2.2425385,4.104268,4.920212,-2.1118183,-1.7422645,11.814329,9.280198,4.6254473,-7.191453,-7.1132417,13.740643,3.6426744,8.578268,2.8406472,-5.7825756,12.413366,-3.3990636,2.9359593,-4.6608152,7.3462133,-7.9621925,-12.809042,13.053694,-0.97650516,15.642099,1.6618788,0.8771954,-6.2451897,7.4360013,-12.327866,-4.2158012,-16.289438,8.874246,9.05848,1.0312963,4.9805593,0.09915316,6.123432,6.988886,6.839514,-2.2596788,-2.6521704,-9.836851,2.849299,-3.328001,-4.1483192,-0.978876,10.816048,8.717451,-10.701494,8.265986,0.5241015,3.3326497,5.6726084,0.37321448,-5.579534,-2.0734737,1.6686771,6.411952,10.82908,-3.2968268,9.215092,12.684785,4.564316,-1.6160007,-11.837771,-7.4884367,-10.992392,-2.8544016,-7.377974,4.528137,-1.9422903,0.44562203,-4.863431,9.3713875,7.430451,8.140875,5.878889,4.727212,3.7111611,1.6413072,-12.483158,-1.0256046,-2.3484638,12.421734,11.105519,-6.1870947,1.0470742,8.027439,1.2564903,10.914825,5.6570997,-1.2059643,-7.067912,-5.8549113,5.341072,-13.025236,-6.9076033,13.527406,3.8619552,5.8689547,-7.8696713,-4.338766,2.940165,-8.067116,1.3651359,3.2216592,-1.5635355,13.464975,9.713915,4.942809,-2.3900156,8.490736,2.3495445,-3.8489358,-10.074891,-2.7296033,-6.7010202,-18.799719,-9.773593,-5.0360384,3.062162,4.5291886,-0.56247526,1.5596156,7.926155,-7.472229,16.492802,1.0330415,11.807108,2.9570775,4.4488506,0.72275925,-0.15602589,-9.589925,-10.180486,8.824488,-1.0211916,1.3727401,-6.7746863,-9.71483,-1.1170024,7.652954,1.3843751,-11.059504
MEIKRFGRIREVIPLPPLTEIQVESYRRALQADVPPEKRENVGIQAAFRETFPIEEEDKGKGGLVLDFLEYRLGEPPFPQDECREKDLTYQAPLYARLQLIHKDTGLIKEDEVFLGHIPLMTEDGSFIINGADRVIVSQIHRSPGVYFTPDPARPGRYIASIIPLPKRGPWIDLEVEPNGVVSMKVNKRKFPLVLLLRVLGYDQETLARELGAYGELVQGLMDESVFAMRPEEALIRLFTLLRPGDPPKRDKAVAYVYGLIADPRRYDLGEAGRYKAEEKLGIRLSGRTLARFEDGEFKDEVFLPTLRYLFALTAGVPGHEVDDIDHLGNRRIRTVGELMTDQFRVGLARLARGVRERMLMGSEDSLTPAKLVNSRPLEAAIREFFSRSQLSQFKDETNPLSSLRHKRRISALGPGGLTRERAGFDVRDVHRTHYGRICPVETPEGANIGLITSLAAYARVDELGFIRTPYRRVVGGVVTDEVVYMTATEEDRYTIAQANTPLEGNRIAAERVVARRKGEPVIVSPEEVEFMDVSPKQVFSVNTNLIPFLEHDDANRALMGSNMQTQAVPLIRAQAPVVMTGLEERVVRDSLAALYAEEDGEVAKVDGNRIVVRYEDGRLVEYPLRRFYRSNQGTALDQRPRVVVGQRVRKGDLLADGPASENGFLALGQNVLVAIMPFDGYNFEDAIVISEELLKRDFYTSIHIERYEIEARDTKLGPERITRDIPHLSEAALRDLDEEGVVRIGAEVKPGDILVGRTSFKGESEPTPEERLLRSIFGEKARDVKDTSLRVPPGEGGIVVRTVRLRRGDPGVELKPGVREVVRVYVAQKRKLQVGDKLANRHGNKGVVAKILPVEDMPHLPDGTPVDVILNPLGVPSRMNLGQILETHLGLAGYFLGQRYISPIFDGAKEPEIKELLAQAFEVYFGKRKGEGFGVDKREVEVLRRAEKLGLVTPGKTPEEQLKELFLQGKVVLYDGRTGEPIEGPIVVGQMFIMKLYHMVEDKMHARSTGPYSLITQQPLGGKAQFGGQRFGEMEVWALEAYGAAHTLQEMLTLKSDDIEGRNAAYEAIIKGEDVPEPSVPESFRVLVKELQALALDVQTLDEKDNPVDIFEGLASKR,Q8RQE9,PDB*,1119,0.020554066130473638,RVVGGVVTDEVDQRPRVVVGQRV,23,-373.29999999999995,4.005982245344711,0.0,5.7100111007690435,78,2,66,107,42,100,17,60,52,115,22,25,72,36,103,40,46,100,2,34,321,172,173,78,417,0.3726541554959786,0.2868632707774799,0.06970509383378017,0.15370866845397677,0.1546023235031278,0,0,2,1,0,3,0,0,0,0,0,0,1,2,4,0,1,9,0,0,7,4,3,0,9,0.391304347826087,0.30434782608695654,0.0,0.17391304347826086,0.13043478260869565,0.2222194502480861,FLLRGRHNGGPVSEPARGDEIIIKVAPLGIEILGQVTLSGRRPNNVANRGRPNRLLWATLISIQDTDTFRSGARQVRFELGDVVKTPQEGDEYASELLPAVDAAKILPVKVGGEIVAGAFYASMDDVARGLLQLANQGKALKRLEFVPMEVKQPFGSRTGLRYAVAIMLPLEVMELIRVAEEGIGFFTERVFKNRAGVGERYHDPLAIVRPIHKEVVKKPEKIGPHPPEDYRVPIVPLLLAGRVEVLEDDGYDELEPGFLGKRQEPSKGTDATPQRHGRPKAFDMKYEGTIKRDERKLDTVPVPVIMPCEVNEATFNLYSPAQARVSETLAVATGSFQPTPHAPIHMRREGGTFAALGNVLIPFRGGFAGLNMGYELNGTGEEDRGQKMQLRRHVKREAFRRFREQINSIPESELSRVPDPFYGPVGVPILFRMVLKVNRRELDDDIVIDRGFSLIEIPDQQIRRAGDFMDEDSLLIEVDLTYANEVYYDIKDGGTYRFAAAVELHQRKVMKSSLFSMGQMIGGLIRAGRSKRYALKMFVAELVYMFEEVPLIVLRERGRTLADIESLIKTEEKRLRVGLEERAPLLLTGRDAFRHREPVGLEMAFAVQREDVGLIGTLRTYLQGRRELVRLFLIAVDPKDVQLGEWVPSFGAKLSVVDVDGIDDNMGYMARVQEIGLVVILDAITSEHDPGDRKLTLEAETPTRDVRVERRGRVRVIKYIDEVYFFFVASGRRLNDLERRDYDHYYEFYVAPPTAGPGPIDDPESLNIPYALEAIKNELYEVRGELIQKSGGKLIHPTSYRRIEERSVGDVLRQEEVPVLVTLRAEDPVDLQARDMSAYPIKLYYLHVGGKRPTEESRVAAARGTFEFRDEGEKDAVDGPEEFAKIENEQPELLVNKLRTGAGCTEQPDYIVKMAIGLSTEGGDGNDDLRIETVSGKMSPKTLETNVSKTRGRLYLELVGLGHAGIENVQQLDLLPPARTLGDPVVKFQVRLLLKEPLVVEIRPYFRRLGEGERFEVREEGHNGAPRLQKLAPLLIELAYGGRGPAKSPTVEGKGSLEDETLVEKPTRQILDDSAAGQVVLSFLRISPVPVEVLTQEQPVKQHVLFIKTGRAAADEAE,0.25841334611882216,-183.51157,95.97037,-75.73335,67.63482,6.227006,76.754456,-74.56696,-5.7700167,-30.646177,-45.578934,-12.547384,-60.537895,-11.370847,-56.196655,-51.76968,19.653349,-87.59029,-5.322792,-50.332733,-154.2028,-15.705553,-109.25861,-32.01265,98.61363,95.14293,206.5511,-111.68918,33.564598,50.750763,-42.049545,-33.83819,-11.820529,132.86086,67.869194,-15.350721,-81.80783,48.655586,-66.534805,137.2457,19.77283,14.036866,-14.674673,-15.076597,85.09978,-22.698845,195.73045,86.97037,-23.7452,23.515516,12.339791,92.68295,64.705086,-77.100655,64.106895,-48.387978,33.204353,37.245857,34.997543,-20.87171,-20.352596,128.05057,82.51085,33.6582,-82.20836,-77.071144,132.63443,46.194775,49.81412,21.79933,-50.511887,127.79498,-13.554661,31.241848,-56.049496,72.214485,-86.62729,-137.30656,100.84921,9.491993,203.0638,12.078712,-13.092979,-75.49601,75.98164,-113.810646,-49.066498,-145.58926,60.30378,86.50658,11.869026,40.191185,21.321198,16.264395,53.87423,75.77197,-23.63979,-37.78074,-96.72153,23.995983,-16.770725,-52.015926,1.7899069,92.96697,97.13013,-115.71808,95.394684,5.7980146,15.656025,51.447258,26.539415,-48.78837,-41.861076,10.037737,90.12023,119.857376,-9.326291,97.179825,131.03705,43.133453,12.60462,-131.33939,-56.326508,-114.92707,-34.141266,-81.31227,58.812424,-12.544822,-25.162235,-6.916608,103.63982,101.51911,115.610275,44.616463,66.36003,68.76524,3.9550633,-179.50807,-11.180403,-58.10313,143.69969,107.65367,-29.051678,7.858059,103.134224,-11.599222,122.960495,114.59503,14.259758,-67.24114,-88.1794,42.335594,-151.14561,-85.33829,184.45428,19.399427,65.827705,-82.79184,-67.21931,29.017307,-75.45589,35.26713,27.788567,-23.042793,111.91455,103.69102,39.173325,-24.484955,87.45219,8.240668,-20.131495,-121.62698,-57.122787,-40.04123,-219.91946,-97.98556,-53.4348,38.558357,21.475506,-31.144114,5.5504017,66.70068,-95.45444,225.29169,-14.544363,85.05989,40.207203,57.311157,-5.237394,-5.705216,-101.63458,-124.66161,95.69272,8.140927,13.749383,-67.34285,-102.64929,-21.438015,87.75549,20.384659,-124.727875
